,新編日語第一冊單詞,,,,
第一課,五十音図,,,,
会う,あう,自五,,遇见,
家,いえ,名,,家,
上,うえ,名,,上、上面,
絵,え,名,,图、画图,
甥,おい,名,,侄子、外甥,
顔,かお,名,,脸,
聞く,きく,他五,,听、问,
杭,くい,名,,椽子,
毛,け,名,,毛,
声,こえ,名,,声音,
酒,さけ,名,,酒,
試合,しあい,名,,比赛,
少し,すこし,副,,少量,
世界,せかい,名,,世界,
そこ,そこ,代,,那里,
高い,たかい,形,,高的；贵的,
近い,ちかい,形,,近的,
机,つくえ,名,,书桌,
手,て,名,,手,
年,とし,名,,年龄、岁月,
中,なか,名,,里面,
肉,にく,名,,肉,
布,ぬの,名,,布,
猫,ねこ,名,,猫,
残す,のこす,他五,,留下,
箸,はし,名,,筷子,
人,ひと,名,,人,
船,ふね,名,,船,
下手,へた,形动,,拙劣,
星,ほし,名,,星星,
前,まえ,名,,前面,
耳,みみ,名,,耳朵,
昔,むかし,名,,从前,
目,め,名,,眼睛,
物,もの,名,,东西,
山,やま,名,,山,
雪,ゆき,名,,雪,
良い,よい,形,,好的、出色的,
楽,らく,形动,,快乐、轻松；舒服的,
理解,りかい,名　他サ,,理解,
留守,るす,名,,外出、不在家,
歴史,れきし,名,,历史,
六,ろく,名,,六,
私,わたし,代,,我,
悪い,わるい,形,,坏的,
寝室,しんしつ,名,,寝室,
日本,にほん,名,,日本,
布団,ふとん,名,,被褥,
本,ほん,名,,书,
万年筆,まんねんひつ,名,,钢笔,
アクセント,Accent,名,,声调,
インク,Ink,名,,墨水,
クラス,Class,名,,班级,
タオル,Towel,名,,毛巾,
テキスト,text,名,,教科书,
トイレ,Toilet,名,,厕所,
ナイフ,Knife,名,,小刀,
ハンカチ,Handkerchief,名,,手帕,
ホテル,Hotel,名,,旅馆、宾馆,
レモン,Lemon,名,,柠檬,
第二課,はじめまして,,,,
外国,がいこく,名,,外国,
技師,ぎし,名,,技师、工程师,
具合,ぐあい,名,,情况,
元気,げんき,名 形动,,精力；健康,
ご飯,ごはん,名,,饭、米饭,
一月,いちがつ,名,,一月,
鍵,かぎ,名,,钥匙；锁,
家具,かぐ,名,,家具,
髭,ひげ,名,,胡子,
林檎,りんご,名,,苹果,
座席,ざせき,名,,座位,
事故,じこ,名,,事故,
地図,ちず,名,,地图,
ゼミ,德,seminar,名,小组讨论（研究）,
俗語,ぞくご,名,,俗语、俚语,
大学,だいがく,名,,大学,
縮む,ちぢむ,自五,,缩小、缩短,
続く,つづく,自五,,继续,
電話,でんわ,名,,电话,
ドア,Door,名,,门,
場合,ばあい,名,,场合,
ビザ,Visa,名,,签证,
豚,ぶた,名,,猪,
便利,べんり,名 形动,,方便,
僕,ぼく,代,,我（男子用语）,
パンダ,Panda,名,,熊猫,
ピンク,Pink,名,,粉红色,
プラス,Plus,名,,加号（+）、正数,
ペン,Pen,名,,钢笔,
ポスト,Post,名,,邮筒、信箱,
初めまして,はじめまして,寒暄语,,初次见面,
前文,ぜんぶん,名,,前文,
魯,ろ,专,,鲁（姓氏）,
日本語科,にほんごか,名,,日语专业,
一年,いちねん,名,,一年；一年级,
よろしくお願いします,よろしくおねがいします,寒暄语,,请多多关照,
これ,,代,,这个,
荷物,にもつ,名,,行李；货物,
服,ふく,名,,衣服,
それ,,代,,那个,
あれ,,代,,那个（远称）,
会話,かいわ,名 自サ,,会话,
李,り,专,,李（姓氏）,
すみません,すみません,寒暄语,,对不起,
あなた,,代,,你,
はい,,叹,,（答应声）是、是的,
どなた,,代,,哪一位,
二年,にねん,名,,二年、二年级,
あの人,あのひと,代,,她、他；那个人,
三年,さんねん,名,,三年；三年级,
顧,こ,专,,顾（姓氏）,
こちら,,代,,这边；这方面；这位,
こちらこそ,,组,,哪儿的话、岂敢岂敢,
何,なん,代,,什么,
どれ,,代,,哪一个,
では,,接,,那么,
案内します,あんないします,他サ,,陪同、带路,
第三課,へや,,,,
お母さん,おかあさん,名,,母亲,
お祖母さん,おばあさん,名,,祖母、奶奶,
お祖父さん,おじいさん,名,,祖父、爷爷,
ちいさい,小さい,形,,小的,
兄さん,にいさん,名,,哥哥,
数学,すうがく,名,,数学,
通訳,つうやく,名,,口译,
先生,せんせい,名,,先生、老师,
時計,とけい,名,,钟表,
姉さん,ねえさん,名,,姐姐,
お父さん,おとうさん,名,,父亲,
当番,とうばん,名,,值日,
大きい,おおきい,形,,大的,
遠い,とおい,形,,远的,
ケーキ,Cake,名,,西式糕点,
シーツ,Sheet,名,,被单、床单,
スープ,Soup,名,,汤,
スプーン,Spoon,名,,汤匙,
テーブル,Table,名,,饭桌,
ノート,Note,名,,练习簿、笔记本,
デパート,Department store,名,,百货商店,
合作,がっさく,名 自サ,,合作,
熱心,ねっしん,形动,,热心、尽力,
欠席,けっせき,名 自サ,,缺席,
マッチ,Match,名,,火柴,
切手,きって,名,,邮票,
ポット,Pot,名,,壶、热水瓶,
日記,にっき,名,,日记,
はっきり,,副 自サ,,清楚、直截了当地,
学校,がっこう,名,,学校,
いっぱい,,副,,满满的,
切符,きっぷ,名,,票,
コップ,Pot,名,,杯子,
部屋,へや,名,,房间、屋子,
二階,にかい,名,,二楼,
あります,,自五,,有；在,
椅子,いす,名,,椅子,
三つ,みっつ,数,,三个；三岁,
六つ,むっつ,数,,六个；六岁,
ベッド,Bed,名,,床,
四つ,よっつ,数,,四个；四岁,
パソコン,Personal computer,名,,个人计算机、电脑,
テレビ,Television,名,,电视机,
学生,がくせい,名,,学生,
クラブ,Club,名,,俱乐部,
浴室,よくしつ,名,,浴室,
一階,いっかい,数,,一楼,
そうですか,,组,,是么,
何,なに,代,,什么,
幾つ,いくつ,名,,多少、几个；几岁,
いいえ,,叹,,不、不是,
何処,どこ,代,,何处、哪里,
さあ,,叹,,用于劝诱、催促或迟疑,
どうぞお入りください,どうぞおはいりください,组,,请进,
此処,ここ,代,,这儿、这里,
本棚,ほんだな,名,,书架、书橱,
彼処,あそこ,代,,那儿、那里（远称）,
違います,ちがいませ,自五,,不同、不对,
色色,いろいろ,名,副,各种各样、形形色色,
,,形动,,,
どうもありがとうござ,,寒暄语,,谢谢,
います,,,,,
どういたしまして,,寒暄语,,不用谢,
失礼します,しつれいします,自サ,,告辞,
さようなら,,寒暄语,,再见,
第四課,がくえんとし,,,,
客,きゃく,名,,客人,
去年,きょねん,名,,去年,
逆,ぎゃく,名,,相反,
金魚,きんぎょ,名,,金鱼,
写真,しゃしん,名,,照片,
宿題,しゅくだい,名,,课外作业,
辞書,じしょ,名,,辞典,
邪魔,じゃま,名 他サ,,妨碍、干扰,
受験,じゅけん,名 他サ,,应试,
彼女,かのじょ,代,,她,
茶碗,ちゃわん,名,,茶碗、饭碗,
貯金,ちょきん,名,,存款、储蓄,
蒟蒻,こんにゃく,名,,蒟蒻、魔芋,
如実,にょじつ,名,,如实,
百,ひゃく,名,,一百、许多,
略する,りゃくする,他サ,,省略,
旅行,りょこう,名 自サ,,旅行,
休暇,きゅうか,名,,休假,
今日,きょう,名,,今天,
牛肉,ぎゅうにく,名,,牛肉,
授業,じゅぎょう,名 自サ,,上课,
習慣,しゅうかん,名,,习惯,
小学校,しゅうがっこう,名,,小学,
ジュース,Juice,名,,果汁,
上手,じょうず,形动,,（技术）好,
中国,ちゅうごく,名,,中国,
チョーク,Chalk,名,,粉笔,
ニュース,News,名,,新闻、消息,
女房,にょうぼう,名,,妻、老婆,
ヒューマニズム,Humanism,名,,人道主义,
評判,ひょうばん,名,,评价,
交流,こうりゅう,名,,交流,
寮,りょう,名,,宿舍,
上海,シャンハイ,专,,上海,
瞬間,しゅんかん,名,,瞬间,
出張,しゅっちょう,名 自サ,,出差,
ちょっと,,副,,一点、稍微,
学園都市,がくえんとし,名,,大学城,
辺り,あたり,名,,附近、周围,
キャンパス,Campus,名,,大学校园,
皆,みんな,副,,全部、都,
新しい,あたらしい,形,,新的,
私たち,わたしたち,代,,我们,
建物,たてもも,名,,建筑物,
図書館,としょかん,名,,图书馆,
その,,名,,那,
閲覧室,えつらんしつ,名,,阅览室,
あの,,名,,那（远称）,
ゲストハウス,Guest house,名,,招待所,
朝,あさ,名,,早晨,
教室,きょうしつ,名,,教室,
います,,自一,,有；在,
午後,ごご,名,,下午,
夜,よる,名,,晚上、夜里,
広場,ひろば,名,,广场,
池,いけ,名,,池、池塘,
綺麗,きれい,形动,,漂亮的、干净的,
地下鉄,ちかてつ,名,,地铁,
駅,えき,名,,车站,
交通,こうつう,名,,交通,
とても,,副,,很、非常,
これから,,组,,从现在起；现在,
わざわざ,,副,,特意、故意,
広い,ひろい,形,,宽敞的,
ええ,,叹,,唉、好吧,
立派,りっぱ,形动,,美观的；出色的,
体育館,たいいくかん,名,,体育馆,
いつも,,副,,经常；平日,
誰,だれ,代,,谁,
留学生,りゅうがくせい,名,,留学生,
友人,ゆうじん,名,,友人、朋友,
どの,,名,,哪个,
赤い,あかい,形,,红的,
静か,しずか,形动,,安静的,
賑やか,にぎやか,形动,,热闹的,
所,ところ,名,,地方,
何人,なんにん,名,,多少人,
万,まん,数,,万,
…にん,人,接尾,,……名……人,
花,はな,名,,花,
草,くさ,名,,草,
沢山,たくさん,副,,许多、很多,
食堂,しょくどう,名,,食堂,
あっ,,叹,,啊、呀、哎呀,
もう,,副,,已经、快要,
食事,しょくじ,名,,用餐,
時間,じかん,名,,时间,
第五課,シャンハイのワイタン,,,,
ワイタン,,专,,外滩（地名）,
無錫,むしゃく,专,,无锡（城市名）,
国慶節,こっけいせつ,专,,国庆节,
天気,てんき,名,,天气,
それで,,接续,,因此、所以,
行きます,いきます,自五,,去,
黄浦江,こうほこう,专,,黄浦江（江名）,
西,にし,名,,西、西方,
英語名,えいごめい,名,,英语名,
バンド,Bund,名,,滨海大道,
エキゾチック,Exotic,形动,,异国情调,
古い,ふるい,形,,旧的；老的；从前的,
向こう側,むこうがわ,名,,对面、另一侧,
浦東,ほとう,专,,浦东（地名）,
東,ひがし,名,,东、东方,
現代,げんだい,名,,现代,
文化,ぶんか,名,,文化,
風景,ふんけい,名,,风景、景色,
コントラスト,Contrast,名,,对比、对照,
なかなか,,副,,很、相当,
こんにちは,,寒暄语,,你好,
お元気ですか,おげんきですか,寒暄语,,你好吗？,
おかげさまで元気です,おかげさまでげんきです,寒暄语,,谢谢，我很好,
初めて,はじめて,副,,初次、头一次,
家,うち,名,,家,
良い,いい,形,,好的,
凄い,すごい,形,,非常的、厉害的,
人出,ひとで,名,,外出的人群,
観光客,かんこうきゃく,名,,游客,
大勢,おおぜい,名,,很多人,
銀行,ぎんこう,名,,银行,
塔,とう,名,,塔,
東方明珠,とうほうめいじゅ,专,,东方明珠,
テレビ塔,てれびとう,名,,电视塔,
シンボル,Symbol,名,,象征,
どのぐらい,,组,,多少,
メートル,Meter,名,,公尺、米,
近く,ちかく,名,,附近,
金茂,きんも,专,,金茂,
ビル,Building,名,,大楼、大厦,
ワールト・ファイナンシ,World,financial,center,专,环球金融中心
ャル・センター・ビル,building,,,,
センター,Center,名,,中心、中央,
第六課,大学の生活,,,,
生活,せいかつ,名,,生活,
毎朝,まいあさ,名,,每天早晨,
起きる,おきる,自一,,起床,
よく,,副,,经常；很好地,
運動場,うんどうじょう,名,,运动场,
バスケットボール,Basketball,名,,篮球,
ラジオ体操,ラジオたいそう,名,,广播体操,
する,,他サ,,做、干、办,
それから,,接,,然后、其次,
語,ご,接尾,,……语,
朗読,ろうどく,名 他サ,,朗读,
半,はん,接尾,,……半,
ごろ,,接尾,,（时间的）左右,
朝ご飯,あさごはん,名,,早饭,
食べる,たべる,他一,,吃,
うどん,,名,,面条、切面,
肉饅頭,にくまんじゅう,名,,肉包子,
彼,かれ,名,,他,
余り,あまり,副,,（不）怎样、（不）很,
パン,,名,,面包,
そして,,接,,而且,
自転車,じてんしゃ,名,,自行车,
毎晩,まいばん,名,,每晚,
勉強,べんきょう,名 他サ,,学习,
帰る,かえる,自五,,回家、回去,
掛かる,かかる,自五,,花费、需要,
寝る,ねる,自一,,睡、就寝,
忙しい,いそがしい,形,,忙,
しかし,,接,,可是、但是,
大変,たいへん,副,,非常,
楽しい,たのしい,形,,愉快的、高兴的,
木村,きむら,专,,木村（姓氏）,
おはよございます,,寒暄语,,早上好,
来る,くる,自カ,,来,
今,いま,名,,现在,
何時,なんじ,名,,几点,
洗面所,せんめんじょ,名,,化妆室、盥洗室,
歯,は,名,,牙齿,
磨く,みがく,他五,,刷、擦,
洗う,あらう,他五,,洗,
どんな,,连体,,如何的、怎样的,
運動,うんどう,名 自サ,,运动,
バドミントン,Badminton,名,,羽毛球,
テニス,Tennis,名,,网球,
午前,ごぜん,名,,上午,
体育,たいいく,名,,体育,
週,しゅう,名,,星期,
何時間,なんじかん,名,,几小时；几课时,
一日,いちにち,名,,一天、一日、一昼夜,
始まる,はじまる,自五,,开始,
終わる,おわる,自五,,结束,
放送,ほうそう,名 他サ,,广播,
時々,ときどき,副,,有时；时时、经常,
見る,みる,他一,,看,
新聞,しんぶん,名,,报纸,
読み,よみ,他五,,念、读、朗读,
丁,てい,专,,丁（姓氏）,
日系企業,にっけいきぎよう,名,,日企,
会社員,かいしゃいん,名,,公司职员,
毎日,まいにち,名,,每天,
出掛ける,でかける,自一,,外出、出门,
市内,しない,名,,市内,
会社,かいしゃ,名,,公司,
郊外,こうがい,名,,郊区、郊外,
歩く,あるく,自五,,走、步行,
電車,でんしゃ,名,,电器列车,
込む,こむ,自五,,拥挤,
残業,ざんぎょう,名,,加班,
又,また,副,,又、再、也,
同僚,どうりょう,名,,同僚、同事,
付合い,つきあい,名,,交往、来往,
ですから,,接,,因此、所以,
大抵,たいてい,名 副,,一般、大都,
お風呂に入る,おふろにはいる,组,,洗澡,
雑誌,ざっし,名,,杂志,
インターネット,Internet,名,,因特网、互联网,
楽しむ,たのしむ,他五,,玩乐、享受,
第七課,浦東,,,,
昨日,きのう,名,,昨天,
日曜日,にちようび,名,,星期天,
あんなに,,副,,那样的,
素晴らしい,すばらしい,形,,极好,
本当に,ほんとうに,副,,的确、实在,
珍しい,めずらしい,形,,少有的、罕见的,
呂,ろ,专,,吕（姓氏）,
一緒に,いっしょに,副,,一起、一块儿,
第一ヤオハン,だいいちやおはん,专,,第一八佰伴（店名）,
買い物,かいもの,名 自サ,,购物、买东西,
お茶,おちゃ,名,,茶、茶叶,
買う,かう,他五,,买,
文房具,ぶんぼうぐ,名,,文具、文房四宝,
食べ物,たべもの,名,,食物、吃的东西,
後,あと,名,,之后,
国際空港,こくさいくうこう,名,,国际机场,
リニア・モーター・カー,Linear motor car,名,,磁悬浮列车,
乗る,のる,自五,,乘、坐,
レストラン,Restaurant,名,,餐馆,
世紀公園,せいきこうえん,专,,世纪公园,
散歩,さんぽ,名 自サ,,散步,
登る,のぼる,自五,,登、爬,
美しい,うつくしい,形,,美丽的、悦目的,
景色,けしき,名,,景色,
眺める,なげめる,他一,,眺望、远眺,
映画館,えいがかん,名,,电影院,
面白い,おもしろい,形,,有趣的,
映画,えいが,名,,电影,
バス,Bus,名,,公共汽车,
店,みせ,名,,店铺、商店,
ああ,,叹,,啊,
品物,しなもの,名,,东西、物品；商店,
値段,ねだん,名,,价格,
一箱,ひとはこ,名,,一箱、一盒,
いくら,,名,,多少钱,
元,げん,名,,元,
角,かく,名,,角,
安い,やすい,形,,便宜,
円,えん,名,,日元,
桜海亭,おうかいてい,专,,樱海亭,
ラーメン,,名,,拉面,
炒飯,チャーハン,名,,炒饭,
飲む,のむ,他五,,喝,
料理,りょうり,名,,菜肴、烹调,
美味しい,おいしい,形,,美味的、好吃的,
一番,いちばん,副,,最,
公園,こうえん,名,,公园,
エレベーター,Elevator,名,,升降式电梯,
展望台,てんぼうだい,名,,瞭望台,
新西遊記,しんさいゆうき,专,,新西游记（电影名）,
未だ,まだ,副,,尚、还,
長い,ながい,形,,长的,
復習,ふくしゅう,名 他サ,,复习,
勉強家,べんきょうか,名,,学习用功的人,
まだまだ,,副,,尚不充分；仍然,
日帰り,ひがえり,名,,当天来回,
幸い,さいわい,副,,幸亏、幸而；正好,
友達,ともだち,名,,朋友、友人,
蘇州,そしゅう,专,,苏州（城市名）,
高速電車,こうそくでんしゃ,名,,高速电气列车,
着く,つく,自五,,到、到达,
まず,,副,,首先,
観光バス,かんこうばす,名,,观光车,
虎丘,こきゅう,专,,虎丘（园林名）,
有名,ゆうめい,形动,,有名的,
虎丘斜塔,こきゅうしゃとう,专,,虎丘斜塔（塔名）,
西園,せいえん,专,,西园（园林名）,
五百羅漢,ごひゃくらかん,名,,五百罗汉,
昼食,ちゅうしょく,名,,午饭、午餐,
後,ご,接尾,,……之后,
やがて,,副,,不久,
寒山寺,かんざんじ,专,,寒山寺（寺院名）,
記念,きねん,名 他サ,,纪念,
撮る,とる,他五,,拍摄,
名園,めいえん,名,,著名园林,
獅子林,ししりん,专,,狮子林（园林名）,
庭園,ていえん,名,,庭院,
疲れる,つかれる,自一,,疲倦、累,
第八課,北京オリンピック,,,,
北京,ぺきん,专,,北京（城市名）,
オリンピック,Olympic,名,,奥林匹克,
開催,かいさい,名 他サ,,召开、举行,
田中,たなか,专,,田中（姓氏）,
夏休み,なつやすみ,名,,暑假,
国家,こっか,名,,国家,
スタジアム,Stadium,名,,体育场,
鳥の巣,とりのす,专,,鸟巢（体育馆名）,
聖火リレー,せいかりれー,名,,传递圣火,
開会式,かいかいしき,名,,开幕式,
セレモニー,Ceremony,名,,仪式、典礼,
観戦,かんせん,名 他サ,,看比赛、观战,
チーム,Team,名,,队、组、小组,
応援,おうえん,名 他サ,,助威、声援,
マスコット,Mascot,名,,吉祥物,
マーク,Mark,名 他サ,,（作）标记、（作）记号,
エンブレム,Emblem,名,,徽章、标志,
町,まち,名,,城镇；街,
明るい,あかるい,形,,明亮的、艳丽的,
人々,ひとびと,名,,人们、人人,
親切,しんせつ,形动,,热情友好的,
やさしい,,形,,友善的、诚挚的,
誕生日,たんじょうび,名,,生日,
迎える,むかえる,他一,,迎接,
年月日,ねんがっぴ,名,,年月日,
言い方,いいかた,名,,说法、措辞,
難しい,むずかしい,形,,难的、困难的；繁琐的,
習う,ならう,他五,,学习,
先週,せんしゅう,名,,上星期、上周,
何か月,なんかげつ,名,,几个月,
…か月,…かげつ,接尾,,……个月,
春,はる,名,,春天,
何月,なんがつ,名,,几月份,
気候,きこう,名,,气候,
どう,,副,,怎么样、如何,
暖かい,あたたかい,形,,温暖的、暖和的,
夏,なつ,名,,夏天,
暑い,あつい,形,,炎热的,
秋,あき,名,,秋天,
涼しい,すずしい,形,,凉爽的、凉快的,
冬,ふゆ,名,,冬天,
寒い,さむい,形,,寒冷的,
今月,こんげつ,名,,这个月、本月,
何日,なんにち,名,,几号；几天,
今年,ことし,名,,今年,
何年,なんねん,名,,几年；哪一年,
覚える,おぼえる,他一,,记住、记得,
ところで,,接,,（转变话题）可是,
感動,かんどう,名 自サ,,感动,
気持ち,きもち,名,,心情、感觉、情绪,
緊張,きんちょう,名 自サ,,（精神）紧张,
雰囲気,ふんいき,名,,气氛,
昼,ひる,名,,白昼、白天,
多い,おおい,形,,多,
部屋代,へやだい,名,,房费、房租,
豊富,ほうふ,名 形动,,丰富的,
魚,さかな,名,,鱼,
新鮮,しんせん,形动,,新鲜的,
パーティー,Party,名,,派对、聚会,
ちょうど,,副,,正好、恰好,
失礼,しつれい,名 形动,,失礼；对不起；告辞,
,,自サ,,,
生まれる,うまれる,自一,,诞生、出生,
満,まん,连体,,满、整、足,
嬉しい,うれしい,形,,高兴的,
年中行事,ねんじゅうぎゅうじ,名,,一年中定例的活动或仪,
,,,,式,
正月,しょうがつ,名,,正月；新年,
雑煮,ぞうに,名,,年糕汤,
寺,てら,名,,寺院,
神社,じんじゃ,名,,神社,
参拝,さんぱい,名 自サ,,参拜（神社、寺院）,
節分,せつぶん,名,,节分,
ひな祭り,ひなまつり,名,,偶人节、女儿节、桃花,
,,,,节,
女の子,おんなのこ,名,,女孩子,
人形,にんぎょう,名,,偶人,
飾る,かざる,他五,,装饰,
男の子,おとこのこ,名,,男孩,
祭り,まつり,名,,祭祀、庙会；（纪念）,
,,,,仪式,
鯉幟,こいのぼり,名,,鲤鱼旗,
立てる,たてる,他一,,立起、竖起,
七夕,たなばた,名,,七夕,
中旬,ちゅうじゅん,名,,中旬,
お盆,おぼん,名,,盂兰盆,
満月,まんげつ,名,,圆月,
月見,つきみ,名,,赏月、观月,
前後,ぜんご,名,,前后,
運動会,うんどうかい,名,,运动会,
第九課,家族のデジカメ写真,,,,
家族,かぞく,名,,家族、家属,
デジカメ,Digital camera,名,,数码相机,
鈴木,すずき,专,,铃木,
…たち,,接尾,,们,
戻る,もどる,自五,,回家；返回；倒退,
訪ねる,たずねる,他一,,访问,
見せる,みせる,他一,,给……看；显示,
上野公園,うえのこうえん,名,,上野公园,
花見,はなみ,名,,赏花,
青い,あおい,形,,青、蓝；幼稚的,
セーター,Sweater,名,,毛衣,
着る,きる,他一,,穿（衣）,
ネクター,Necktie,名,,领带,
締める,しめる,他一,,系（领带）,
黄色い,きいろい,形,,黄色的,
ズボン,,名,,裤子,
穿く,はく,他五,,穿,
黒い,くろい,形,,黑色的,
眼鏡,めがね,名,,眼镜,
かける,,他一,,戴（眼镜）；打（电话）,
白い,しろい,形,,白的,
帽子,ぼうし,名,,帽子,
かぶる,,他五,,戴（帽子）,
一家,いっか,名,,一家,
いらっしゃい,,寒暄语,,欢迎光临,
暫く,しばらく,副 名,,许久；暂时、不久,
御無沙汰,ごぶさた,名 自サ,,久未问候,
国,くに,名,,故乡；国家；国土,
皆さん,みなさん,代,,各位、大家,
時,とき,名,,时刻、时候,
東京,とうきょう,专,,东京（地名）,
知る,しる,他五,,晓得、知道,
或る,ある,连体,,某,
歌,うた,名,,歌,
歌う,うたう,他五,,唱歌,
踊り,おどり,名,,舞蹈,
踊る,おどる,自五,,跳舞,
方,かた,名,,方、方面,
両親,りょうしん,名,,双亲,
兄,あに,名,,哥哥,
姉,あね,名,,姐姐,
弟,おとうと,名,,弟弟,
妹,いもうと,名,,妹妹,
大家族,だいかぞく,名,,大家庭,
少子化,しょうしか,名,,少子化,
時代,じだい,名,,时代,
家庭,かてい,名,,家庭,
方,かた,名,,人（人的敬称）,
父,ちち,名,,父亲,
貿易会社,ぼうえきかいしゃ,名,,贸易公司,
勤める,つとめる,自一,,工作、任职,
働く,はたらく,自五,,工作、干活,
スーパー,Supermarket,名,,自选市场、超级市场,
出る,でる,自一,,出去、离开；毕业,
病院,びょういん,名,,医院,
スチュワーデス,Stewardess,名,,空姐,
アメリカ,America,专,,美国（国名）,
ニューヨーク,New York,专,,纽约（地名）,
住む,Bench,自五,,居住,
結婚,けっこん,名 自サ,,结婚,
外・他,ほか,名,,别处；其他,
じゃ,,接,,那么,
だんだん,,副,,渐渐地,
核家族,かくかぞく,名,,小家庭,
成る,なる,自五,,成为,
万博,ばんぽく,名,,万国博览会、世博会,
盧浦大橋,ろほたいきょう,专,,卢浦大桥,
市民,しみん,名,,市民,
憩い,いこい,名,,休息、歇息,
場,ば,名,,场所、地方,
活気にあふれる,かっきにあふれる,组,,充满活力,
空,そら,名,,天、天空,
晴れる,はれる,自一,,晴天,
日,ひ,名,,太阳,
差す,さす,自五,,照射,
木の葉,このは,名,,树叶,
きらきら,,副,,闪耀,
光る,ひかる,自五,,发光、发亮,
咲く,さく,自五,,开花,
小鳥,ことり,名,,小鸟,
鳴く,なく,自五,,（鸟等）叫,
飛ぶ,とぶ,自五,,飞,
川,かわ,名,,河、河川,
流れる,ながれる,自一,,流、流逝,
鯉,こい,名,,鲤鱼,
泳ぐ,およぐ,自五,,游泳,
子供,こども,名,,孩子,
遊ぶ,あそぶ,自五,,玩、游戏,
ぶらんこ,,名,,秋千,
親,おや,名,,父母、双亲,
側・傍,そば,名,,附近、旁边,
老人,ろうじん,名,,老人,
ベンチ,,名,,长椅,
休む,やすむ,自五,,休息；缺勤,
男,おとこ,名,,男子,
ボール,Ball,名,,球,
投げる,なげる,他一,,投、抛、扔、掷,
女,おんな,名,,女子,
第十課,連休,,,,
連休,れんきゅう,名,,连休、长假,
楊,よ,专,,杨（姓氏）,
利用,りよう,名 他サ,,利用,
チンタオ,,专,,青岛（城市名）,
飛行機,ひこうき,名,,飞机,
航空券,こうくうけん,名,,机票,
夕食,ゆうしょく,名,,晚餐,
海岸,かいがん,名,,海岸、海边,
入れる,いれる,他一,,连……在内；放入,
末っ子,すえっこ,名,,小女儿、小儿子,
海洋,かいよう,名,,海洋,
研究所,けんきゅうじょ,名,,研究所,
定年退職,ていねんたいしょく,名,,退休,
中学校,ちゅうがっこう,名,,中学,
宮本,みやもと,专,,宫本,
ビール,,名,,啤酒,
プレゼント,Present Sports,名 他サ,,赠送礼物；礼物,
ごめください,,寒暄语,,主人在家吗？我可以进,
,,,,来吗？,
どうぞ,,副,,请,
お入りください,おはいりください,寒暄语,,请进,
おかけください,,寒暄语,,请坐,
お茶をどうぞ,おちゃをどうぞ,寒暄语,,请用茶,
おかまいなく,,寒暄语,,请别张罗,
どちら,,代,,哪一方；哪一位；哪里,
勿論,もちろん,副,,当然、不言而喻,
海,うみ,名,,大海,
おかげさまで,,寒暄语,,托您的福,
母,はは,名,,母亲,
紡績工場,ぼうせきこうじょう,名,,纱厂,
卒業,そつぎょう,名 自サ,,毕业,
教師,きょうし,名,,教师,
間,あいだ,名,,之间；期间,
揚子江,ようすこう,专,,长江（河流名）,
地域,ちいき,名,,地域、地区,
見学,けんがく,名 自サ,,参观学习,
発展,はってん,名 自サ,,发展,
ずいぶん,,副,,非常、颇,
速い,はやい,形,,快速的,
驚く,おどろく,自五,,吃惊、惊讶,
お邪魔しました,おじゃましました,寒暄语,,打扰了,
そろそろ,,副,,就要；慢慢地；渐渐,
やあ,,叹,,啊、呀,
気をつけて,きをつけて,寒暄语,,请注意,
伊藤明,いとうめい,专,,伊藤明（人名）,
手紙,てがみ,名,,信,
秋冷,しゅうれい,名,,秋寒,
研修旅行,けんしゅうりょこう,名,,进修旅游,
経つ,たつ,自五,,（时间）流逝,
ずっと,,副,,一直,
雨,あめ,名,,雨,
降る,ふる,自五,,下（雨、雪）,
講義,こうぎ,名 他サ,,讲义、课程,
大変,たいへん,形动,,够呛,
地元,じもと,名,,当地、本地,
寂しい,さびしい,形,,寂寞的,
騒がしい,さわがしい,形,,吵闹的、喧闹的,
土産話,みやげばなし,名,,旅途见闻,
御馳走,ごちそう,名 他サ,,款待、宴请；好吃的食,
,,,,物,
作る,つくる,他五,,作、制,
待つ,まつ,他五,,等待,
健康,けんこう,名 形动,,健康,
活躍,かつやく,名 自サ,,活跃、显身手,
祈る,いのる,他五,,祈祷、祈求、祝愿,
第十一課,趣味,,,,
趣味,しゅみ,名,,兴趣,
青木,あおき,专,,青木（姓氏）,
スポーツ,Sports,名,,运动,
好き,すき,形动,,喜欢,
野球,やきゅう,名,,棒球,
自分,じぶん,名 代,,自己、自身,
やる,,他五,,做、干,
中華料理,ちゅうかりょうり,名,,中国菜、中餐,
大好き,だいすき,形动,,非常喜欢,
北京料理,べきんりょうり,专,,北京菜,
上海料理,しゃんはいりょうり,专,,上海菜,
酢豚,すぶた,名,,古老肉,
四川料理,しせんりょうり,专,,四川菜,
初め,はじめ,名 副,,最初,
辛い,からい,形,,辣的,
嫌い,きらい,形动,,讨厌,
音楽,おんがく,名,,音乐,
ジャズ,Jazz,名,,爵士乐,
ロック,,名,,摇滚乐,
クラシック,Classic,名,,古典的；古典作品；名,
,,,,著,
日本料理,にほんりょうり,专,,日本菜,
皆,みな,名 副,,全，都；全体,
出来る,できる,自一,,能，会；出产；做完,
人気がある,にんきがある,组,,受欢迎,
クラスメート,Classmate,名,,同班同学,
ピンポン,Ping-pong,名,,乒乓球,
チャンネル,Channel,名,,（无线电、电视）波段、,
,,,,频道,
数,かず,名,,数、数目,
番組,ばんぐみ,名,,（电视等的）节目,
内容,ないよう,名,,内容,
豊か,ゆたか,形动,,丰富；富裕、充裕,
陳,ちん,专,,陈（姓氏）,
得意,とくい,名 形动,,拿手；自鸣得意,
苦手,にがて,形动,,不擅长,
以前,いぜん,名,,以前,
碁,ご,名,,围棋,
将棋,しょうぎ,名,,（日本）象棋,
興味,きょうみ,名,,兴趣、爱好,
持つ,もつ,他五,,拿、带；怀有；持有,
最近,さいきん,名,,最近、近来,
鋤焼き,すきやき,名,,日本式牛肉（鸡肉）火,
,,,,锅,
納豆,なっとう,名,,蒸后发酵的大豆,
梅干,うめぼし,名,,腌的梅子,
焼く,やく,他五,,烤；烧；烧制,
煮る,にる,他一,,煮、炖,
生,なま,名,,生的,
例えば,たとえば,副,,譬如、例如,
甘い,あまい,形,,甜的；宽松的,
塩辛い,しおからい,形,,咸的,
最初,さいしょ,名,,起初、开始,
人間,にんげん,名,,人、人类,
心,こころ,名,,心；气度；内心,
伝える,つたえる,他一,,告诉、传达；传给,
スリラー,Thriller,名,,惊险小说（电影）,
池田,いけだ,专,,池田（姓氏）,
大学院生,だいがくいんせい,名,,研究生,
大学院,だいがくいん,名,,大学研究生院,
入学,にゅうがく,名 自サ,,入学,
分かる,わかる,自五,,知道、明白,
専門,せんもん,名,,专业,
中国史,ちゅうごくし,名,,中国历史,
小学生,しょうがくせい,名,,小学生,
車,くるま,名,,汽车,
運転,うんてん,名 他サ,,驾驶,
招待,しょうたい,名 他サ,,招待、邀请,
受ける,うける,他一,,接受；遭受；受,
引き受ける,ひきうける,他一,,接受；承担,
修士論文,しゅうしろんぶん,名,,硕士论文,
書く,かく,他五,,写,
でも,,接,,可是、不过,
将来,しょうらい,名,,将来,
研究,けんきゅう,名 他サ,,研究,
第十二課,試験,,,,
試験,しけん,名 他サ,,考试；试验,
試験問題,しけんもんだい,名,,试题,
聴解,ちょうかい,名,,听解,
文字,もじ,名,,文字,
語彙,ごい,名,,词汇,
読解,どっかい,名 他サ,,阅读理解文章,
文法,ぶんぽう,名,,语法,
セクション,Section,名,,项目、部分,
それぞれ,,副,,分别、各个,
大きな,おおきな,连体,,大的,
問題,もんだい,名,,试题；问题,
小さな,ちいさな,连体,,小的,
選択肢,せんたくし,名,,选项、选择分支,
正しい,ただしい,形,,正确的,
答え,こたえ,名,,回答、答复,
選ぶ,えらぶ,他五,,选择,
書き間違う,かきまちがう,他五,,写错,
書き直す,かきなおす,他五,,重写,
消しゴム,けしごむ,名,,橡皮,
消す,けす,他五,,擦掉、抹掉；去掉；关,
,,,,（灯等）,
開始,かいし,名 他サ,,开始,
ベル,Bell,名,,电铃,
鳴る,なる,自五,,响、鸣,
このよう,,形动,,这样的、如此的,
説明,せつめい,名 他サ,,说明,
厳しい,きびしい,形,,严厉的；很甚的,
一生懸命,いっしょうけんめい,形动 副,,拼命,
頑張る,がんばる,自五,,努力,
予鈴,よれい,名,,预备铃,
席,せき,名,,座位,
問題用紙,もんだいようし,名,,问题卷,
解答用紙,かいとうようし,名,,答卷,
配る,くばる,他五,,分发、分配,
すぐ,,副,,马上；（距离）很近,
書き始める,かきはじめる,他一,,开始写,
始める,はじめる,他一,,开始,
合図,あいず,名 自他,,信号,
,,サ,,,
開ける,あける,他一,,打开,
注意事項,ちゅういじこう,名,,注意事项,
言う,いう,他五,,说,
名前,なまえ,名,,名字,
必ず,かならず,副,,一定,
鉛筆,えんぴつ,名,,铅笔,
使う,つかう,他五,,用、使用,
…中,…ちゅう,接尾,,在……中；正在……中,
話,はなし,名,,说话；话；故事,
教科書,きょうかしょ,名,,教科书,
カンニング,Cunning,名 自サ,,作弊,
資格,しかく,名,,资格,
取り消す,とりけす,他五,,取消,
質問,しつもん,名 自他,,提问、询问,
,,サ,,,
答える,こたえる,自一,,回答,
…方,…かた,接尾,,表示方法,
教える,おしえる,他一,,教,
すべて,,副,,全部、一切,
つける,,他一,,划（圈）；涂、抹,
解答欄,かいろうらん,名,,回答栏,
出す,だす,他五,,交、拿出、提出,
持ち帰る,もちかえる,他五,,拿回、带回,
採点,さいてん,名 他サ,,打分、评分,
ボールペン,Ballpoint pen,名,,圆珠笔,
途中,とちゅう,名,,中途,
印刷,いんさつ,名 他サ,,印刷,
あげる,,他一,,举扬；提高,
メモを取る,めもをとる,组,,做笔记,
規定,きてい,名 他サ,,规定,
考える,かんがえる,他一,,考虑；思维,
答案,とうあん,名,,答案,
汚い,きたない,形,,不干净、肮脏,
結果,けっか,名,,结果,
コンピューター,Computer,名,,计算机,
統計,とうけい,名 他サ,,统计,
注意,ちゅうい,组,,注意,
延ばす,のばす,他五,,伸展；延长、推迟,
守る,まもる,他五,,遵守；保卫,
訪問,ほうもん,名 他サ,,访问,
マナー,Manner,名,,礼节、仪态,
予め,あらかじめ,副,,预先,
日時,にちじ,名,,日期和时间,
約束,やくそく,名 他サ,,约定,
早い,はやい,形,,早,
入る,はいる,自五,,进入；加入；到手,
チャイム,Chime,名,,门铃,
鳴らす,ならす,他五,,鸣、啼、使……出声音,
勝手,かって,形动,,任意、随便,
手土産,てみやげ,名,,随后携带的礼物、简单,
,,,,礼品,
渡す,わたす,他五,,交、给,
こう,,副,,如此、这样,
細やか,ささやか,形动,,一些、微薄的,
お受け取りください,おうけとりください,组,,请收下,
生鮮食品,せいせんしょくひん,名,,生鲜食品,
訪問先,ほうもんさき,名,,访问地,
無理,むり,形动 名,,强行；勉强,
,,自サ,,,
礼,れい,名,,礼仪、谢意,
次に,つぎに,副,,接着；下一次,
先日,せんじつ,名,,前几天、日前、上次,
第十三課,留学,,,,
牧野,まきの,专,,牧野（姓氏）,
…人,…じん,接尾,,（某种职业、某国、某,
,,,,地的）人,
欲しがる,ほしがる,他五,,（第三人称）想要,
ラジカセ,Radio cassette,名,,盒式收录机,
ラジオ講座,らじおこうざ,名,,广播讲座,
思う,おもう,他五,,想；认为,
活動,かつどう,名 自サ,,活动,
夢,ゆめ,名,,梦、理想,
ことわざ,,名,,谚语,
録音,ろくおん,名 他サ,,录音,
経済,けいざい,名,,经济,
帰国,きこく,名 自サ,,回国,
研究者,けんきゅうしゃ,名,,研究人员,
欲しい,ほしい,形,,（第一人称）想要,
英語,えいご,名,,英语,
ステレオ,Stereo,名,,立体声；立体声设备,
身につける,みにつける,组,,掌握；带（穿）在身上,
成功,せいこう,名 自サ,,成功,
祈る,いのる,他五,,祈祷、祝愿,
日中,にっちゅう,名,,日汉、日本和中国,
友好,ゆうこう,名,,友好,
深める,ふかめる,他一,,加深、加强,
不便,ふべん,名 形动,,不方便,
ぜひ,,副,,务必、一定,
決める,きめる,他一,,决定,
祖国,そこく,名,,祖国,
現代化,げんだいか,名 自他,,现代化,
,,サ,,,
神舟号,しんしゅうこう,专,,神舟号,
宇宙船,うちゅうせん,名,,宇宙飞船,
設計,せっけい,名 他サ,,设计、规划,
模型,もけい,名,,模型,
少年時代,しょうねんじだい,名,,少年时代,
祖父,そふ,名,,祖父、外祖父,
エンジニア,Engineer,名,,工程师,
造船,ぞうせん,名 自サ,,造船,
跡,あと,名,,家业；足迹,
継ぐ,つぐ,他五,,继承；接上,
打ち上げ,うちあげ,名,,打上去、发射,
この間,このあいだ,名,,前些天、不久以前,
晩ご飯,ばんごはん,名,,晚饭,
にこにこ,,副 自サ,,笑眯眯,
おまえ,,代,,（同辈间或对晚辈及妻,
,,,,子的昵称）你,
第十四課,あいさつの言葉,,,,
挨拶,あいさつ,名 自サ,,寒暄语；贺辞、谢辞,
言葉,ことば,名,,语言；语句、单词,
練習,れんしゅう,名 他サ,,练习,
通す,とおす,他五,,通过（某种手段）,
関係,かんけい,名,,关系,
昼間,ひるま,名,,白天,
特に,とくに,副,,尤其、特别,
季節,きせつ,名,,季节,
確かに,たしかに,副,,的确、确实,
一面,いちめん,名,,一个方面,
表わす,あらわす,他五,,表示、表现。表达,
知識,ちしき,名,,知识,
漢字,かんじ,名,,汉字,
訓読み,くんよみ,名,,训读,
魚,うお,名,,鱼,
音読み,おんよみ,名,,音读,
熱帯魚,ねったいぎょ,名,,热带鱼,
別れる,わかれる,自一,,分手、离别；分离,
遣り取り,やりとり,名 他サ,,互赠；一问一答,
社交的,しゃこうてき,形动,,社交性的,
フランス,France,专,,法国（国名）,
ではまた,,组,,回头见,
バイバイ,Bye-bye,叹,,再见,
大人,おとな,名,,大人、成年人,
謝る,あやまる,他五,,道歉、赔礼,
お互い,おたがい,名,,彼此、互相,
利益,りえき,名,,好处、利益,
喜び,よろこび,自五,,同乐,
不利,ふり,名 形动,,不利,
悲しみ合う,かなしみあう,他五,,一同悲痛,
つまり,,副,,也就是、总之,
結び付ける,むすびつける,他一,,结合；结上,
親しい,したしい,形,,血缘关系近的；亲切的,
大切,たいせつ,形动,,重要的；珍惜,
しっかり,,副 自サ,,牢固地；扎实地；稳固,
,,,,地,
富士山,ふじさん,专,,富士山（山名）,
盛ん,さかん,形动,,旺盛；热烈,
彼ら,かれら,代,,那些人、他人,
欠かす,かかす,他五,,不足、缺少,
日常,にちじょう,名,,日常,
迷う,まよう,自五,,迷惑、犹豫不定,
快刀乱麻,かいとうらんま,组,,快刀斩乱麻,
それとも,,接,,（表示两者选一）或是、,
,,,,还是,
五里霧中,ごりむちゅう,组,,五里雾中,
首を傾げる,くびをかしげる,组,,因吃不准而思考,
文章,ぶんしょう,名,,文章,
困る,こまる,自五,,为难；难办,
選択,せんたく,名 他サ,,遴选、选择,
やはり,,副,,仍然、还是；果然,
忘れる,わすれる,他一,,忘记,
第十五課,アルバイト,,,,
アルバイト,,名 自サ,,打工、学生等的半工半,
,,,,读,
田,でん,专,,田（姓氏）,
捜す（さがす）,さがす,他五,,寻找；搜寻,
申込書,もしこみしょ,名,,申请书,
職員,しょくいん,名,,职员,
住所,じゅうしょ,名,,住处,
連絡先,れんらくさき,名,,联络处、联系处,
特技,とくぎ,名,,特技、专长,
学科,がっか,名,,学科,
希望,きぼう,名 他サ,,希望、期望,
体験,たいけん,名 他サ,,体验,
時給,じきゅう,名,,计时工资,
交通費,こうつうひ,名,,交通费,
出る,でる,自一,,被给与、得到,
研修,けんしゅう,名 他サ,,进修、培训,
連絡,えんらく,名 自他,,联系,
,,サ,,,
知らせる,しらせる,他一,,通知、告知,
紹介,しょうかい,名 他サ,,介绍,
田国栄,でんこくえい,专,,田国荣（姓名）,
丁寧,ていねい,形动,,礼貌地；谨慎地,
どういう,,连体,,什么样的、怎么样的,
意味,いみ,名 自他,,意思；意味,
,,サ,,,
専攻,せんこう,名 他サ,,专攻、专修,
ピアノ,Piano,名,,钢琴,
志望,しぼう,名 他サ,,志愿、志向,
動機,どうき,名,,动机,
応募,おうぼ,名 自サ,,应征、应聘,
理由,りゆう,名,,理由,
金,かね,名,,钱,
実力,じつりょく,名,,实力,
募集,ぼしゅう,名 他サ,,招募、募集,
広告,こうこく,名,,广告,
翻訳,ほんやく,名 他サ,,翻译,
どうして,,副,,为什么,
如何,いかが,副,,怎么样、如何,
結構,けっこう,形动 副,,很好；足够；相当,
職業,しょくぎょう,名,,职业,
毎年,まいねん,名,,每年,
中学,ちゅうがく,名,,中学,
高校,こうこう,名,,高中,
社会,しゃかい,名,,社会,
働き始める,はたらきはじめる,自五,,开始工作,
社会人,しゃかいじん,名,,社会一员、走上社会参,
,,,,加工作的人,
呼ぶ,よぶ,他五,,叫做；叫来；呼喊,
就職,しゅうしょく,名 自サ,,就业,
新入社員,しんにゅうしゃいん,名,,公司新职员,
医者,いしゃ,名,,医生,
俳優,はいゆう,名,,演员,
アンケート,,名,,问卷调查,
調査,ちゅうさ,名 他サ,,调查,
公務員,こうむいん,名,,公务员,
工場,こうじょう,名,,工厂,
サラリーマン,Salaried man,名,,工薪生活者、职员,
安定,あんてい,名 自サ,,稳定、安定,
一生,いっしょう,名,,一辈子、一生,
働き続ける,はたらきつづける,自一,,持续工作,
大体,だいたい,副 名,,大略；大致、差不多,
同じ,おなじ,形动 连,,一样、相同,
,,体,,,
ほとんど,,副,,几乎、大部分,
変る,かわる,自五,,改变、变化,
少ない,すくない,形,,少、不多,
美容師,びようし,名,,美容师,
ロック,,名,,厨师,
技術,ぎじゅつ,名,,技术,
第十六課,クリスマス,,,,
クリスマス,Christmas,名,,圣诞节,
吉田,よしだ,专,,吉田（姓氏）,
プレゼント,Present,名 他サ,,礼物；送礼,
同士,どうし,接尾,,身份彼此相同,
或いは,あるいは,接,,或、或者是,
交換,こうかん,名 他サ,,交换,
あげる,,他一,,给、送给,
玩具,おもちゃ,名,,玩具,
もらう,,他五,,得到；领取,
頂く（戴く）,いただく,他五,,领受,
普通,ふつう,名,形 动,通常、一般,
,,副,,,
結婚式,けっこんしき,名,,结婚仪式、结婚典礼,
ノート・パソコン,Notebook,personal,名,笔记本电脑,
,computer,,,,
マフラー,Muffler,名,,围巾,
差し上げる,さしあげる,他一,,给,
可愛い,かわいい,形,,可爱的,
人形,にんぎょう,名,,玩偶、娃娃,
古く,ふるく,副,,从前,
贈り物,おくりもの,名,,礼物、赠品,
お互いに,おたがいに,副,,互相,
宣伝,せんでん,名 他サ,,宣传,
マスコミ,Mass communication,,,大众传媒,
影響,えいきょう,名 自サ,,影响,
年々,ねんねん,副,,每年、逐年,
売り上げ,うりあげ,名,,销售额,
伸ばす,のばす,他五,,扩展、使增多、伸展,
特別,とくべつ,形动,,特别,
売り場,うりば,名,,柜台、售货处,
セール,Sale,名,,贱卖大减价,
力を入れる,ちからをいれる,组,,着力,
多分,たぶん,副,,大概、恐怕,
…向き,…むき,接尾,,适合…（人或场合）,
やる,,他五,,（对平辈、晚辈）给、,
,,,,给予,
くださる,,他五,,给（我）,
国語,こくご,名,,国语,
編む,あむ,他五,,编织,
くれる,,他一,,给（我）,
この前,このまえ,组,,上次、上回,
アルバム,Album,名,,纪念册；集邮册、影集,
唯,ただ,副,,只、仅,
一度,いちど,名,,一次,
なかなか,,副,,颇、相当,
集める,あつめる,他一,,收集；召集；集中,
明後日,あさって,名,,后天,
晩,ばん,名,,晚上,
文化館,ぶんかかん,名,,文化馆,
クリスマス・イブ,Christmas eve,名,,圣诞夜、平安夜,
都合,つごう,名,,方便、合适（与否）,
サンタ・クロース,Santa claus,名,,圣诞老人,
楽しみ,たのしみ,名,,乐趣；期望,
お中元,おちゅうげん,名,,中元,
お歳暮,おせいぼ,名,,年末；年终送礼,
年,ねん,名,,年,
二回,にかい,名,,二次,
シーズン,Season,名,,季节；旺季,
直接,ちょくせつ,副 形动,,直接,
頼む,たのむ,他五,,请求、委托,
商品券,しょうひんけん,名,,商品券,
トップ,Top,名,,首位；前头；最上部,
実際に,じっさいに,副,,实际；的确,
長持ち,ながもち,名 自サ,,持久、耐用,
食品,しょくひん,名,,饰品,
缶詰,かんづめ,名,,罐头,
醤油,しょうゆ,名,,酱油,
油,あぶら,名,,油,
飲料,いんりょう,名,,饮料,
石けん,せっけん,名,,肥皂,
セット,Set,名,,一组、一套,
省エネルギー,しょうえねるぎー,名,,省能源,
アイディア,Idea,名,,注意、想法,
第十七課,元旦,,,,
元旦,がんたん,名,,元旦,
新年,しんねん,名,,新年,
祝う,いわう,他五,,庆祝,
公演,こうえん,名,,公演,
竹内,たけうち,专,,竹内（姓氏）,
用事,ようじ,名,,（必须办的）事情,
もう,,副,,再、另外,
携帯電話,けいたいでんわ,名,,手机,
誘う,さそう,他五,,邀请；诱惑,
劇場,げきじょう,名,,剧场,
…番,…ばん,接尾,,…路；…号,
乗り換える,のりかえる,他一,,改乘、换乘,
安全,あんぜん,名 形动,,安全,
心配,しんぱい,名 形动,,担心,
,,他サ,,,
規則,きそく,名,,规则、规章,
大丈夫,だいじょうぶ,形动 副,,不要紧、没问题,
当日,とうじつ,名,,当天,
そこで,,接,,于是；那么,
天気予報,てんきよほう,名,,天气预报,
今朝,けさ,名,,今天早晨,
出し物,だしもの,名,,演出节目,
合唱,がっしょう,名 他サ,,齐唱、合唱,
独唱,どくしょう,名 他サ,,独唱,
バレエ,Ballet,名,,芭蕾舞,
民族舞踊,みんぞくぶよう,名,,民族舞蹈,
芝居,しばい,名,,戏剧,
京劇,きょうげき,名,,京剧,
地方劇,ちほうげき,名,,地方剧,
曲芸,きょくげい,名,,杂技,
漫才,まんざい,名,,（对口）相声,
コント,Conte,名,,小品,
もし,,副,,如果、万一,
石川,いしかわ,专,,石川（姓氏）,
きっと,,副,,一定,
信号,しんごう,名,,信号,
赤,あか,名,,红色,
止まる,とまる,自五,,停下；堵塞；止住,
黄色,きいろ,名,,黄色,
注意,ちゅうい,名 自サ,,当心；提醒,
青,あお,名,,绿（信号）灯；青、蓝,
進む,すすむ,自五,,前进；进步；（钟表）,
,,,,快,
出発,しゅっぱつ,名 自サ,,出发,
間に合う,まにあう,自五,,赶得上、来得及,
待ち合せる,まちあわせる,他一,,在约定的场所等待（见,
,,,,面）,
ひどい,,形,,厉害的；无情的,
止める,やめる,自一,,作罢、停止；辞（职）,
今晩,こんばん,名,,今晚,
休み,やすみ,名,,休息；休假,
多く,おおく,副,,许多；多半、大都,
故里・故郷,ふるさと,名,,故乡,
年末,ねんまつ,名,,年末、年底,
最後,さいご,名,,最后,
大みそか,おおみそか,名,,大年三十,
年越しそば,としこしそば,名,,除夕吃的荞麦面条,
長生き,ながいき,名 自サ,,长命、长寿,
除夜,じょや,名,,除夕,
鐘,かね,名,,（吊）钟；钟声,
音,ね,名,,（钟）声；音色,
耳を傾ける,みみをかたむける,组,,倾听,
過ぎる,すぎる,自一,,（时间）流逝；经过；,
,,,,过度,
紅白,こうはく,名,,红白,
歌合戦,うたがっせん,名,,对歌比赛,
一眠り,ひとねむり,名 自サ,,打个盹、睡一会儿,
元日,がんじつ,名,,元月一日,
郵便屋,ゆうびんや,名,,邮递员,
年賀状,ねんがじょう,名,,贺年片,
配達,はいたつ,名 他サ,,投递、递送,
明けましておめでとう,あけましておめでとうご,寒暄语,,恭贺新禧、新年好,
ございます,ざいます,,,,
おせち料理,おせちりょうり,名,,过年吃的菜肴,
初詣で,初詣で,名,,（新年）首次参拜（神,
,,,,社）,
詣でる,もうでる,自一,,参拜,
向こう,むこう,名,,从今以后、今后,
健康,けんこう,名 形动,,健康,
幸福,こうふく,名 形动,,幸福,
第十八課,料理,,,,
来週,らいしゅう,名,,下周、下星期,
大学祭,だいがくさい,名,,校园艺术节,
牛どん,ぎゅうどん,名,,牛肉盖浇饭,
模擬店,もぎてん,名,,（游园会或校园活动时,
,,,,的）临时食品摊,
安部,あべ,专,,安部（姓氏）,
詳しい,くわしい,形,,详细的,
励ます,はげます,他五,,激励、鼓励,
実は,じつは,副,,老实说、说实在的,
願い,ねがい,名,,愿望、请求、心愿,
宜しい,よろしい,形,,好、行,
内,うち,名,,自己所属的组织、团体、,
,,,,伙伴,
相談,そうだん,名 他サ,,商量,
作り始める,つくりはじめる,他一,,开始做,
玉葱,たまねぎ,名,,洋葱,
切る,きる,他五,,切；斩；剪,
縦,たて,名,,竖、纵,
半分,はんぶん,名,,一半,
薄い,うすい,形,,稀的、薄的,
大きさ,おおきさ,名,,大小,
適当,てきとう,形动 自,,适当的、合适的,
,,サ,,,
もも肉,ももにく,名,,腿肉,
鍋,なべ,名,,锅,
熱する,ねっする,他サ,,弄热、加热,
炒める,いためる,他一,,炒、煮,
グリンピース,Green peas,名,,青豌豆,
塩,しお,名,,盐,
だし,,名,,（当佐料用的）高汤,
調味料,ちょうみりょう,名,,调味品,
砂糖,さとう,名,,砂糖,
みりん,,名,,料酒,
火,ひ,名,,火,
止める,とめる,他一,,关闭；止住；停下,
出来上がる,できあがる,自五,,做完、做好,
のせる,,他一,,摆在,上面；登载
分,ぶん,名,,份儿,
それほど,,副,,那么,
ポイント,Point,名,,要点、分数,
固い,かたい,形,,硬、坚固；坚定；顽固,
ええと,,叹,,（用于说话间的短暂停,
,,,,顿或思考时）嗯,
野菜,やさい,名,,蔬菜,
間違い,まちがい,名,,错误；差错,
口に合う,くちにあう,组,,合口味,
偶に,たまに,副,,偶尔,
集まる,あつまる,自五,,聚集、汇集,
開く,ひらく,他自五,,召开,
カップケーキ,Cupcake,名,,杯状点心,
サンドイッチ,Sandwich,名,,三明治,
飲み物,のみもの,名,,饮料,
今度,こんど,名,,这次；最近；下一次,
出会う,であう,自五,,邂逅,
気分,きぶん,名,,心情；情绪；气氛,
仲よくなる,なかよくなる,组,,关系变得融洽起来,
招く,まねく,他五,,邀请,
機会,きかい,名,,机会,
増える,ふえる,自一,,增加,
きっかけ,,名,,契机、机会,
理解し合う,りかいしあう,他五,,互相理解,
近ごろ,ちかごろ,名,,近来、这些日子,
別れ,わかれ,名,,分别、分离,
参加,さんか,名 自サ,,参加,
第十九課,インタビュー,,,,
インタビュー,Interview,名 自サ,,会见；记者采访,
アメリカ,,专,,美国（国名）,
イギリス,,专,,英国（国名）,
ドイツ,,专,,德国（国名）,
カナダ,Canada,专,,加拿大（国名）,
十数か国,じゅうすうかこく,组,,十几个国家,
…名,…めい,接尾,,名,
記者,きしゃ,名,,记者,
環境,かんきょう,名,,环境,
騒音,そうおん,名,,噪音,
公害,こうがい,名,,公害,
彼ら,かれら,代,,他们,
病気,びょうき,名,,病、疾病,
そういう,,连体,,那样的,
医務室,いむしつ,名,,医务室,
手当て,てあて,名 他サ,,治疗；津贴,
普段,ふだん,名,,平常、平时,
違い,ちがい,名,,不同,
申す,もうす,他五,,言う的自谦语,
名刺,めいし,名,,名片,
山田,やまだ,专,,山田（姓氏）,
ナンシー,Nancy,专,,南希（人名）,
全然,ぜんぜん,副,,丝毫（不）、完全,
ジョン,John,专,,约翰（人名）,
ピエール,,专,,皮埃尔（人名）,
周り,まわり,名,,周围；附近,
うるさい,,形,,吵闹得慌；恼人,
ホワイト,White,专,,怀特（姓氏）,
非常,ひじょう,形动,,非常,
満足,まんぞく,名 形动,,满意、满足,
,,自サ,,,
マリー,,专,,玛丽（人名）,
このごろ,,名,,近来、这些天来,
すっかり,,副,,完全、全部,
慣れる,なれる,自一,,习惯,
徹夜,てつや,名 自サ,,彻夜、通宵,
遅く,おそく,名,,迟、晚,
全部,ぜんぶ,名 副,,全部,
講義,こうぎ,名 他サ,,讲课,
話す,はなす,他五,,说、讲,
借りる,かりる,他一,,借,
なぜ,,副,,为什么,
実生活,じっせいかつ,名,,实际生活,
役立つ,やくだつ,自五,,有用、有益,
もっと,,副,,更、更加、再稍微,
協力,きょうりょく,名 自サ,,配合、合作,
印,しるし,名,,符号；记号、象征,
当嵌る,あてはまる,自五,,适合；完全合适,
稍,やや,副,,稍微、稍稍,
ホームステイ,Homestay,名,,寄宿在国外普通家庭居,
,,,,民家留学,
専用,せんよう,名 他サ,,专用,
触れる,ふれる,自一,,涉及；触、碰,
本当,ほんとう,名,,真实的、本来的,
意外,いがい,形动,,意外、想不到,
姿,すがた,名,,面貌、身影；姿态,
滞在,たいざい,名 自サ,,逗留,
受け入れる,うけいれる,他一,,接受；收,
泊まる,とまる,自五,,停泊；投宿,
暮らす,くらす,自他五,,生活、度日,
お客さん,おきゃくさん,名,,客人、顾客,
一員,いちいん,名,,一员,
過ごす,すごす,他五,,度、过；生活,
同時に,どうじに,副,,同时、一下子,
必要,ひつよう,名 形动,,需要、必要,
確かめる,たしかめる,他一,,弄清、查明,
独特,どくとく,形动,,独特的,
自身,じしん,名,,自身、自己,
気付く,きづく,自五,,发觉、注意到,
不思議,ふしぎ,名 形动,,奇怪的、不可思议的,
第二十課,春節,,,,
春節,しゅんせつ,名,,春节,
高橋,たかはし,专,,高桥（姓氏）,
餃子,ぎょうざ,名,,饺子,
小麦粉,こむぎこ,名,,小麦粉、面粉,
捏ねる,こねる,他一,,揉合,
皮,かわ,名,,（饺子）皮,
豚肉,ぶたにく,名,,猪肉,
包む,つつむ,他五,,包起来,
蒸す,むす,自他五,,闷热；蒸,
茹でる,ゆでる,他一,,煮、烫,
半年,はんとし　はんねん,名,,半年,
披露宴,ひろうえん,名,,婚宴,
出席,しゅっせき,自サ,,出席,
おなかがすく,,组,,肚子饿,
旧正月,きゅうしゅうがつ,名,,旧历正月、春节,
北国,きたぐに,名,,北国,
遠慮,えんりょ,名 自他,,客气；谢绝,
,,サ,,,
いただく,,他五,,食べる的自谦语,
すぎる,,接尾,,过度、过分,
味,あじ,名,,味道,
まずい,,形,,不好吃,
なるほど,,副,,诚然、的确,
骨,こつ,名,,秘诀,
映り,うつり,名,,图像,
電波,でんぱ,名,,电波,
障害,しょうがい,名,,障碍,
高層ビル,こうそうびる,名,,高楼,
どんどん,,副,,不断地,
建つ,たつ,自五,,建造,
大気,たいき,名,,大气、空气,
汚染,おせん,名 自サ,,污染,
おめでたい,,形,,可贺的、可喜的、可庆,
,,,,的,
役に立つ,やくにたつ,组,,有用处、有益处,
コーヒー,Coffee,名,,咖啡,
電気スダンド,でんきすたんど,名,,台灯,
花瓶,かびん,名,,花瓶,
喜ぶ,よろこぶ,自五,,高兴、喜悦,
…を楽しみ,…をたのしみ,组,,希望、期望,
友人,ゆうじん,名,,友人,
何時,いつ,名,,何时、什么时候,
会場,かいじょう,名,,会场,
杏花楼,きょうかろう,专,,杏花楼（饭店名）,
旅,たび,名,,旅行,
曇り,くもり,名,,阴,
空港,くうこう,名,,机场,
タクシー,Taxi,名,,出租汽车,
夜景,やけい,名,,夜景,
村,むら,名,,村,
晴れ,はれ,名,,晴,
朝食,ちょうしょく,名,,早餐,
取る,とる,他五,,拿；获得；摄入,
水上,すいじょう,名,,水上,
約,やく,名,,大约,
見学者,けんがくしゃ,名,,参观者,
ハイバオ,,专,,海宝（世博吉祥物）,
帰り,かえり,名,,回去；归途,
乗り心地,のりごこち,名,,乘坐的感觉,